name,document,email,phone,type,roles
Agro Parana,11000000000101,contato@agroparana.example,41999990001,COMPANY,SUPPLIER
Joao da Silva,11000000001,joao@example.com,41999990002,INDIVIDUAL,CUSTOMER
Cooperativa Oeste,11000000000102,contato@coop.example,41999990003,COMPANY,CUSTOMER;SUPPLIER
Maria Souza,11000000002,maria@example.com,41999990004,INDIVIDUAL,CUSTOMER
Oficina Central,11000000000103,oficina@example.com,41999990005,COMPANY,SUPPLIER
Pedro Lima,11000000003,pedro@example.com,41999990006,INDIVIDUAL,CUSTOMER
Mercado Norte,11000000000104,mercado@example.com,41999990007,COMPANY,CUSTOMER
Ana Costa,11000000004,ana@example.com,41999990008,INDIVIDUAL,CUSTOMER;SUPPLIER
Transportadora Sul,11000000000105,transporte@example.com,41999990009,COMPANY,SUPPLIER
Carlos Alves,11000000005,carlos@example.com,41999990010,INDIVIDUAL,CUSTOMER
Sementes Brasil,11000000000106,sementes@example.com,41999990011,COMPANY,SUPPLIER
Lucia Dias,11000000006,lucia@example.com,41999990012,INDIVIDUAL,CUSTOMER
Registro Invalido,123,email-invalido,41999990013,INDIVIDUAL,CUSTOMER
